{
    "questions": [{
            "questionText": "Question number 1",
            "options": [{
                    "text": "1",
                    "correct": true
                },
                {
                    "text": "2"
                },
                {
                    "text": "3"
                },
                {
                    "text": "4"
                }
            ],
            "explanation": "Please select correct it"
        },
        {
            "questionText": "Question number 2",
            "options": [{
                    "text": "9"
                },
                {
                    "text": "7"
                },
                {
                    "text": "6"
                },
                {
                    "text": "2",
                    "correct": true
                }
            ],
            "explanation": "Please select correct it"
        },
        {
            "questionText": "Question number 3",
            "options": [{
                    "text": "4"
                },
                {
                    "text": "3",
                    "correct": true
                },
                {
                    "text": "6"
                },
                {
                    "text": "5"
                }
            ],
            "explanation": "Please select correct it"
        },
        {
            "questionText": "Question number 4",
            "options": [{
                    "text": "@1"
                },
                {
                    "text": "4",
                    "correct": true
                },
                {
                    "text": "number!"
                },
                {
                    "text": "number?"
                }
            ],
            "explanation": "Please select correct it"
        },
        {
            "questionText": "Question number 5",
            "options": [{
                    "text": "5",
                    "correct": true
                },
                {
                    "text": "3"
                },
                {
                    "text": "6"
                },
                {
                    "text": "9"
                }
            ],
            "explanation": "Please select correct it"
        },
        {
            "questionText": "Question number 6",
            "options": [{
                    "text": "9"
                },
                {
                    "text": "7"
                },
                {
                    "text": "4"
                },
                {
                    "text": "6",
                    "correct": true
                }
            ],
            "explanation": "Please select correct it"
        },
        {
            "questionText": "Question number 7",
            "options": [{
                    "text": "1"
                },
                {
                    "text": "7",
                    "correct": true
                },
                {
                    "text": "3"
                },
                {
                    "text": "6"
                }
            ],
            "explanation": "Please select correct it"
        },
        {
            "questionText": "Question number 8",
            "options": [{
                    "text": "8",
                    "correct": true
                },
                {
                    "text": "9"
                },
                {
                    "text": "4"
                },
                {
                    "text": "e-number"
                }
            ],
            "explanation": "Please select correct it"
        },
        {
            "questionText": "Question number 9",
            "options": [{
                    "text": "9",
                    "correct": true
                },
                {
                    "text": "2"
                },
                {
                    "text": "5"
                },
                {
                    "text": "8"
                }
            ],
            "explanation": "Please select correct it"
        }
    ]
}